<?xml version="1.0" encoding="UTF-8"?>
<beans xmlns="http://www.springframework.org/schema/beans"
	xmlns:xsi="http://www.w3.org/2001/XMLSchema-instance"
	xmlns:context="http://www.springframework.org/schema/context"
	xmlns:tx="http://www.springframework.org/schema/tx"
	xmlns:jdbc="http://www.springframework.org/schema/jdbc"
	xmlns:task="http://www.springframework.org/schema/task"
	xmlns:util="http://www.springframework.org/schema/util"
	xmlns:p="http://www.springframework.org/schema/p"
	xmlns:aop="http://www.springframework.org/schema/aop"
	xmlns:c="http://www.springframework.org/schema/c"
	xmlns:cache="http://www.springframework.org/schema/cache"
	xmlns:mvc="http://www.springframework.org/schema/mvc"
	xmlns:jee="http://www.springframework.org/schema/jee"
	xmlns:lang="http://www.springframework.org/schema/lang"
	xsi:schemaLocation="http://www.springframework.org/schema/mvc http://www.springframework.org/schema/mvc/spring-mvc-4.3.xsd
		http://www.springframework.org/schema/jee http://www.springframework.org/schema/jee/spring-jee-4.3.xsd
		http://www.springframework.org/schema/context http://www.springframework.org/schema/context/spring-context-4.3.xsd
		http://www.springframework.org/schema/aop http://www.springframework.org/schema/aop/spring-aop-4.3.xsd
		http://www.springframework.org/schema/util http://www.springframework.org/schema/util/spring-util-4.3.xsd
		http://www.springframework.org/schema/jdbc http://www.springframework.org/schema/jdbc/spring-jdbc-4.3.xsd
		http://www.springframework.org/schema/task http://www.springframework.org/schema/task/spring-task-4.3.xsd
		http://www.springframework.org/schema/cache http://www.springframework.org/schema/cache/spring-cache-4.3.xsd
		http://www.springframework.org/schema/beans http://www.springframework.org/schema/beans/spring-beans.xsd
		http://www.springframework.org/schema/lang http://www.springframework.org/schema/lang/spring-lang-4.3.xsd
		http://www.springframework.org/schema/tx http://www.springframework.org/schema/tx/spring-tx-4.3.xsd">
		
<!-- loading annotated beans -->
<context:component-scan base-package="com.lti" />
<!-- <context:component-scan base-package="com.lti.service" />
<context:component-scan base-package="com.lti.dao" /> -->

<bean class = "org.springframework.web.servlet.view.InternalResourceViewResolver">
      <property name = "prefix" value = "/WEB-INF/jsp/" />
      <property name = "suffix" value = ".jsp" />
   </bean>
 
   <bean id = "multipartResolver"
      class = "org.springframework.web.multipart.commons.CommonsMultipartResolver" />
</beans>

<!-- DataSource Configuration -->
<bean id = "dataSource1"
class = "org.springframework.jdbc.datasource.DriverManagerDataSource">
   <property name = "driverClassName" value = "oracle.jdbc.driver.OracleDriver"/>
   <property name = "url" value = "jdbc:oracle:thin:@localhost:1521:xe"/>
   <property name = "username" value = "sheetal"/>
   <property name = "password" value = "password"/>
</bean>
<!-- <bean id = "dataSource2"
class = "org.springframework.jdbc.datasource.DriverManagerDataSource">
   <property name = "driverClassName" value = "oracle.jdbc.driver.OracleDriver"/>
   <property name = "url" value = "jdbc:oracle:thin:@localhost:1521:xe"/>
   <property name = "username" value = "hr"/>
   <property name = "password" value = "Newuser123"/>
</bean> -->

<!-- this bean creates EntityManagerFactory object  -->
<!--  no need of persistence.xml as all the settings required for 
                                           hibernate or other ORM is done itself -->
<bean id="myEmf"
     class="org.springframework.orm.jpa.LocalContainerEntityManagerFactoryBean">
       <property name="dataSource" ref="dataSource1" />
       <property name="packagesToScan" value="com.lti.entity" /> <!-- location of entity classes -->
       <property name="jpaVendorAdapter">
           <bean class="org.springframework.orm.jpa.vendor.HibernateJpaVendorAdapter" />
       </property>
       <property name="jpaProperties">
          <props>
              <prop key="hibernate.hbm2ddl.auto">update</prop>
             <prop key="hibernate.show_sql">true</prop>
          </props>
       </property>
   </bean>
   <bean id="transactionManager"
     class="org.springframework.orm.jpa.JpaTransactionManager">
       <property name="entityManagerFactory" ref="myEmf" />
   </bean>
   <tx:annotation-driven />
</beans>